日時,指標,始値,高値,安値,終値
2026-06-24 00:00,米10年金利,4.453,4.455,4.398,4.402
2026-06-25 00:00,米10年金利,4.412,4.414,4.363,4.392
2026-06-26 00:00,米10年金利,4.388,4.41,4.367,4.372
2026-06-29 00:00,米10年金利,4.378,4.39,4.367,4.374
2026-06-30 00:00,米10年金利,4.392,4.422,4.388,4.418
2026-07-01 00:00,米10年金利,4.483,4.501,4.457,4.475
2026-07-02 00:00,米10年金利,4.503,4.505,4.453,4.485
2026-07-06 00:00,米10年金利,4.457,4.491,4.457,4.479
2026-07-07 00:00,米10年金利,4.497,4.533,4.485,4.529
2026-07-08 00:00,米10年金利,4.561,4.597,4.557,4.569
2026-07-09 00:00,米10年金利,4.577,4.581,4.529,4.539
2026-07-10 00:00,米10年金利,4.541,4.571,4.539,4.569
2026-07-13 00:00,米10年金利,4.585,4.618,4.573,4.609
2026-07-14 00:00,米10年金利,4.614,4.614,4.525,4.585
2026-07-15 00:00,米10年金利,4.608,4.61,4.539,4.545
2026-07-16 00:00,米10年金利,4.582,4.596,4.561,4.569
2026-07-17 00:00,米10年金利,4.521,4.55,4.511,4.541
2026-07-20 00:00,米10年金利,4.566,4.608,4.56,4.598
2026-07-21 00:00,米10年金利,4.6,4.64,4.598,4.628
2026-07-22 00:00,米10年金利,4.64,4.661,4.632,4.657
2026-07-23 00:00,米10年金利,4.699,4.714,4.693,4.703
2026-07-24 00:00,米10年金利,4.683,4.691,4.651,4.679
2026-07-27 00:00,米10年金利,4.647,4.665,4.63,4.641
2026-07-28 00:00,米10年金利,4.63,4.635,4.588,4.604
2026-07-29 00:00,米10年金利,4.637,4.655,4.61,4.622
2026-07-30 00:00,米10年金利,4.669,4.686,4.651,4.663
2026-07-31 00:00,米10年金利,4.684,4.747,4.682,4.745
2026-08-03 00:00,米10年金利,4.671,4.702,4.671,4.686
2026-08-04 00:00,米10年金利,4.665,4.668,4.619,4.627
2026-08-05 00:00,米10年金利,4.609,4.639,4.607,4.617
2026-08-06 00:00,米10年金利,4.643,4.676,4.635,4.67
2026-08-07 00:00,米10年金利,4.664,4.672,4.603,4.66
2026-08-10 00:00,米10年金利,4.662,4.703,4.662,4.699
2026-08-11 00:00,米10年金利,4.692,4.703,4.668,4.684
2026-08-12 00:00,米10年金利,4.66,4.688,4.646,4.682
2026-08-13 00:00,米10年金利,4.674,4.676,4.613,4.641
2026-08-14 00:00,米10年金利,4.645,4.7,4.625,4.696
2026-08-17 00:00,米10年金利,4.694,4.728,4.692,4.724
2026-08-18 00:00,米10年金利,4.732,4.746,4.704,4.706
2026-08-19 00:00,米10年金利,4.684,4.684,4.637,4.653
2026-08-20 00:00,米10年金利,4.706,4.714,4.674,4.696
2026-08-21 00:00,米10年金利,4.692,4.744,4.692,4.738
2026-08-24 00:00,米10年金利,4.714,4.72,4.68,4.704
2026-08-25 00:00,米10年金利,4.664,4.672,4.637,4.639
2026-08-26 00:00,米10年金利,4.633,4.67,4.621,4.664
2026-08-27 00:00,米10年金利,4.658,4.68,4.649,4.672
2026-08-28 00:00,米10年金利,4.688,4.73,4.654,4.72
2026-08-31 00:00,米10年金利,4.728,4.768,4.726,4.758
2026-09-01 00:00,米10年金利,4.788,4.8,4.752,4.796
2026-09-02 00:00,米10年金利,4.776,4.806,4.768,4.796
2026-09-03 00:00,米10年金利,4.766,4.768,4.732,4.762
2026-09-04 00:00,米10年金利,4.754,4.812,4.748,4.784
2026-09-08 00:00,米10年金利,4.794,4.812,4.76,4.806
2026-09-09 00:00,米10年金利,4.808,4.857,4.794,4.837
2026-09-10 00:00,米10年金利,4.881,4.952,4.879,4.944
2026-09-11 00:00,米10年金利,4.955,4.985,4.904,4.975
2026-09-14 00:00,米10年金利,4.979,5.012,4.934,4.961
2026-09-15 00:00,米10年金利,5.01,5.016,4.987,4.996
2026-09-16 00:00,米10年金利,4.979,5.006,4.939,5.006
2026-09-17 00:00,米10年金利,4.953,4.963,4.941,4.947
2026-09-18 00:00,米10年金利,4.98,5.008,4.971,4.998
2026-09-21 00:00,米10年金利,4.953,4.976,4.951,4.959
2026-06-24 00:00,ドル円,161.558,161.802,161.531,161.599
2026-06-25 00:00,ドル円,161.733,161.935,161.587,161.763
2026-06-26 00:00,ドル円,161.79,161.843,161.535,161.805
2026-06-29 00:00,ドル円,161.763,161.955,161.719,161.787
2026-06-30 00:00,ドル円,161.92,162.651,161.92,161.923
2026-07-01 00:00,ドル円,162.66,162.836,162.294,162.628
2026-07-02 00:00,ドル円,162.542,162.584,160.688,162.539
2026-07-03 00:00,ドル円,161.404,161.494,160.62,161.449
2026-07-06 00:00,ドル円,161.487,162.424,161.465,161.452
2026-07-07 00:00,ドル円,162.095,162.173,161.688,162.088
2026-07-08 00:00,ドル円,162.362,162.698,162.08,162.363
2026-07-09 00:00,ドル円,162.51,162.565,162.247,162.539
2026-07-10 00:00,ドル円,162.335,162.419,161.292,162.363
2026-07-13 00:00,ドル円,161.886,162.393,161.886,161.878
2026-07-14 00:00,ドル円,162.413,162.466,161.695,162.429
2026-07-15 00:00,ドル円,162.187,162.415,161.967,162.187
2026-07-16 00:00,ドル円,162.084,162.469,161.98,162.072
2026-07-17 00:00,ドル円,162.381,162.467,162.147,162.376
2026-07-20 00:00,ドル円,162.525,162.583,162.271,162.512
2026-07-21 00:00,ドル円,162.48,163.031,162.44,162.487
2026-07-22 00:00,ドル円,163.168,163.198,162.85,163.186
2026-07-23 00:00,ドル円,163.068,163.979,162.994,163.081
2026-07-24 00:00,ドル円,163.876,163.931,163.645,163.832
2026-07-27 00:00,ドル円,163.588,163.761,163.326,163.611
2026-07-28 00:00,ドル円,163.792,163.942,163.644,163.771
2026-07-29 00:00,ドル円,163.858,163.883,163.293,163.864
2026-07-30 00:00,ドル円,163.253,163.733,157.994,163.3
2026-07-31 00:00,ドル円,160.179,160.836,158.668,160.183
2026-08-03 00:00,ドル円,157.698,157.869,155.256,157.582
2026-08-04 00:00,ドル円,157.539,157.952,157.231,157.529
2026-08-05 00:00,ドル円,157.735,157.863,157.302,157.692
2026-08-06 00:00,ドル円,157.664,158.48,157.599,157.6
2026-08-07 00:00,ドル円,158.448,158.561,156.831,158.409
2026-08-10 00:00,ドル円,157.9,159.046,157.849,157.891
2026-08-11 00:00,ドル円,159.154,159.383,159.004,159.156
2026-08-12 00:00,ドル円,159.282,159.456,158.719,159.265
2026-08-13 00:00,ドル円,159.318,159.476,159.027,159.328
2026-08-14 00:00,ドル円,159.427,159.495,158.637,159.426
2026-08-17 00:00,ドル円,159.225,159.402,158.856,159.223
2026-08-18 00:00,ドル円,159.329,159.777,159.32,159.34
2026-08-19 00:00,ドル円,159.529,159.529,158.052,159.55
2026-08-20 00:00,ドル円,158.255,158.958,158.176,158.276
2026-08-21 00:00,ドル円,158.906,159.125,158.381,158.883
2026-08-24 00:00,ドル円,158.865,159.279,158.715,158.904
2026-08-25 00:00,ドル円,159.135,159.485,159.102,159.139
2026-08-26 00:00,ドル円,159.225,159.438,158.88,159.223
2026-08-27 00:00,ドル円,159.251,159.51,159.116,159.255
2026-08-28 00:00,ドル円,159.307,160.052,159.297,159.321
2026-08-31 00:00,ドル円,160.099,160.099,159.477,160.122
2026-09-01 00:00,ドル円,159.772,160.202,159.639,159.747
2026-09-02 00:00,ドル円,160.203,160.383,158.36,160.196
2026-09-03 00:00,ドル円,158.9,158.942,155.345,158.923
2026-09-04 00:00,ドル円,155.639,156.717,155.323,155.66
2026-09-07 00:00,ドル円,156.209,156.246,154.064,156.197
2026-09-08 00:00,ドル円,153.847,154.387,152.897,153.855
2026-09-09 00:00,ドル円,153.424,153.814,152.985,153.478
2026-09-10 00:00,ドル円,153.559,154.622,153.309,153.573
2026-09-11 00:00,ドル円,154.46,154.58,153.306,154.482
2026-09-14 00:00,ドル円,153.438,154.99,153.378,153.424
2026-09-15 00:00,ドル円,154.422,155.223,154.414,154.385
2026-09-16 00:00,ドル円,155.287,155.47,154.901,155.266
2026-09-17 00:00,ドル円,156.029,156.273,155.34,156.014
2026-09-18 00:00,ドル円,156.159,157.998,156.12,156.129
2026-09-21 00:00,ドル円,156.855,157.529,156.57,157.473
2026-06-24 00:00,WTI原油,73.13,73.18,69.63,70.34
2026-06-25 00:00,WTI原油,69.95,72.5,68.9,71.92
2026-06-26 00:00,WTI原油,71.44,71.86,68.56,69.23
2026-06-29 00:00,WTI原油,70.5,71.15,69.32,70.75
2026-06-30 00:00,WTI原油,70.43,71.6,69.22,69.5
2026-07-01 00:00,WTI原油,69.98,70.19,67.92,68.58
2026-07-02 00:00,WTI原油,68.03,68.8,67.04,68.69
2026-07-06 00:00,WTI原油,68.68,69.21,67.82,68.55
2026-07-07 00:00,WTI原油,68.58,72.51,68.58,70.44
2026-07-08 00:00,WTI原油,72.38,76.08,71.75,73.52
2026-07-09 00:00,WTI原油,74.95,75.13,71.42,72.08
2026-07-10 00:00,WTI原油,71.86,73.16,70.77,71.41
2026-07-13 00:00,WTI原油,73.69,78.58,72.61,78.14
2026-07-14 00:00,WTI原油,78.04,81.27,77.84,79.34
2026-07-15 00:00,WTI原油,79.74,80.93,78.19,79.6
2026-07-16 00:00,WTI原油,80.0,80.87,78.58,78.95
2026-07-17 00:00,WTI原油,79.57,82.76,78.61,82.49
2026-07-20 00:00,WTI原油,83.76,85.39,80.27,83.23
2026-07-21 00:00,WTI原油,83.48,85.8,82.25,84.91
2026-07-22 00:00,WTI原油,84.69,88.61,84.44,86.83
2026-07-23 00:00,WTI原油,87.72,93.5,87.32,92.19
2026-07-24 00:00,WTI原油,92.55,92.83,87.68,89.31
2026-07-27 00:00,WTI原油,86.12,86.2,81.63,82.61
2026-07-28 00:00,WTI原油,82.0,82.43,77.78,79.26
2026-07-29 00:00,WTI原油,80.04,85.57,79.92,84.46
2026-07-30 00:00,WTI原油,84.65,85.94,82.97,83.59
2026-07-31 00:00,WTI原油,83.92,86.87,81.06,84.67
2026-08-03 00:00,WTI原油,80.1,81.3,78.43,80.34
2026-08-04 00:00,WTI原油,80.1,82.33,75.11,75.77
2026-08-05 00:00,WTI原油,75.17,76.7,74.24,75.22
2026-08-06 00:00,WTI原油,75.14,78.51,74.57,77.29
2026-08-07 00:00,WTI原油,78.17,78.77,76.53,78.18
2026-08-10 00:00,WTI原油,78.42,82.38,77.79,82.13
2026-08-11 00:00,WTI原油,82.35,84.61,81.27,83.2
2026-08-12 00:00,WTI原油,83.49,84.35,82.4,83.27
2026-08-13 00:00,WTI原油,82.7,83.3,80.09,81.25
2026-08-14 00:00,WTI原油,81.27,82.99,80.71,82.4
2026-08-17 00:00,WTI原油,82.53,85.04,81.5,84.5
2026-08-18 00:00,WTI原油,84.98,85.94,84.57,84.94
2026-08-19 00:00,WTI原油,85.42,87.19,84.32,85.83
2026-08-20 00:00,WTI原油,85.8,89.0,85.6,87.83
2026-08-21 00:00,WTI原油,86.27,87.51,85.8,87.06
2026-08-24 00:00,WTI原油,86.5,86.57,84.36,85.01
2026-08-25 00:00,WTI原油,85.03,85.84,80.23,82.36
2026-08-26 00:00,WTI原油,81.11,83.31,79.62,82.23
2026-08-27 00:00,WTI原油,82.0,84.27,80.65,83.53
2026-08-28 00:00,WTI原油,83.67,83.78,82.25,83.4
2026-08-31 00:00,WTI原油,84.69,86.79,84.11,85.76
2026-09-01 00:00,WTI原油,86.31,90.97,86.13,90.22
2026-09-02 00:00,WTI原油,90.65,92.29,88.97,91.01
2026-09-03 00:00,WTI原油,90.7,93.14,89.57,91.3
2026-09-04 00:00,WTI原油,91.67,92.17,88.72,91.48
2026-09-08 00:00,WTI原油,92.26,94.73,90.87,93.03
2026-09-09 00:00,WTI原油,94.31,96.93,93.76,96.05
2026-09-10 00:00,WTI原油,96.88,104.04,95.37,102.48
2026-09-11 00:00,WTI原油,104.32,104.46,98.48,100.05
2026-09-14 00:00,WTI原油,102.25,104.95,100.53,101.39
2026-09-15 00:00,WTI原油,102.01,106.75,101.21,105.83
2026-09-16 00:00,WTI原油,105.48,105.63,100.97,102.43
2026-09-17 00:00,WTI原油,102.18,102.47,99.1,101.91
2026-09-18 00:00,WTI原油,101.06,103.48,99.19,100.3
2026-09-21 00:00,WTI原油,96.75,97.22,91.59,92.17
2026-06-24 00:00,銅,6.0395,6.0395,5.9285,5.943
2026-06-25 00:00,銅,6.038,6.0705,6.038,6.0705
2026-06-26 00:00,銅,6.1415,6.1415,6.1415,6.1415
2026-06-29 00:00,銅,6.121,6.175,6.0715,6.0975
2026-06-30 00:00,銅,6.1125,6.252,6.05,6.1925
2026-07-01 00:00,銅,6.194,6.196,6.0715,6.1235
2026-07-02 00:00,銅,6.104,6.1545,6.07,6.1145
2026-07-06 00:00,銅,6.1545,6.2005,6.147,6.178
2026-07-07 00:00,銅,6.169,6.205,6.117,6.1715
2026-07-08 00:00,銅,6.1105,6.1125,6.0155,6.0545
2026-07-09 00:00,銅,6.0695,6.237,6.0695,6.215
2026-07-10 00:00,銅,6.2305,6.2405,6.217,6.2335
2026-07-13 00:00,銅,6.28,6.2955,6.231,6.233
2026-07-14 00:00,銅,6.301,6.387,6.301,6.33
2026-07-15 00:00,銅,6.317,6.339,6.2935,6.2935
2026-07-16 00:00,銅,6.342,6.347,6.245,6.296
2026-07-17 00:00,銅,6.2095,6.229,6.15,6.22
2026-07-20 00:00,銅,6.181,6.311,6.174,6.299
2026-07-21 00:00,銅,6.4455,6.521,6.4455,6.511
2026-07-22 00:00,銅,6.511,6.517,6.436,6.451
2026-07-23 00:00,銅,6.415,6.416,6.2755,6.305
2026-07-24 00:00,銅,6.304,6.32,6.3025,6.32
2026-07-27 00:00,銅,6.34,6.3645,6.337,6.339
2026-07-28 00:00,銅,6.283,6.322,6.266,6.322
2026-07-29 00:00,銅,6.2765,6.2765,6.2535,6.2735
2026-07-30 00:00,銅,6.343,6.474,6.315,6.4445
2026-07-31 00:00,銅,6.4515,6.5155,6.4095,6.436
2026-08-03 00:00,銅,6.5295,6.5295,6.434,6.514
2026-08-04 00:00,銅,6.528,6.639,6.528,6.6185
2026-08-05 00:00,銅,6.609,6.723,6.609,6.703
2026-08-06 00:00,銅,6.7235,6.728,6.687,6.687
2026-08-07 00:00,銅,6.716,6.716,6.5705,6.5705
2026-08-10 00:00,銅,6.5985,6.62,6.593,6.5945
2026-08-11 00:00,銅,6.6125,6.6125,6.6105,6.612
2026-08-12 00:00,銅,6.6065,6.633,6.597,6.597
2026-08-13 00:00,銅,6.55,6.5925,6.5,6.5925
2026-08-14 00:00,銅,6.58,6.5995,6.58,6.5995
2026-08-17 00:00,銅,6.604,6.604,6.595,6.604
2026-08-18 00:00,銅,6.549,6.549,6.45,6.4825
2026-08-19 00:00,銅,6.459,6.4875,6.459,6.4875
2026-08-20 00:00,銅,6.406,6.4615,6.406,6.46
2026-08-21 00:00,銅,6.5685,6.5815,6.564,6.5795
2026-08-24 00:00,銅,6.618,6.618,6.599,6.599
2026-08-25 00:00,銅,6.7095,6.7095,6.7005,6.7095
2026-08-26 00:00,銅,6.75,6.75,6.5895,6.5945
2026-08-27 00:00,銅,6.587,6.587,6.587,6.587
2026-08-28 00:00,銅,6.59,6.6445,6.534,6.562
2026-08-31 00:00,銅,6.5185,6.6175,6.517,6.5935
2026-09-01 00:00,銅,6.6025,6.6395,6.429,6.5065
2026-09-02 00:00,銅,6.439,6.542,6.415,6.501
2026-09-03 00:00,銅,6.537,6.58,6.5365,6.577
2026-09-04 00:00,銅,6.5955,6.5985,6.5705,6.597
2026-09-08 00:00,銅,6.587,6.7825,6.587,6.739
2026-09-09 00:00,銅,6.663,6.8055,6.663,6.8035
2026-09-10 00:00,銅,6.7525,6.7525,6.4415,6.467
2026-09-11 00:00,銅,6.4475,6.484,6.4475,6.4695
2026-09-14 00:00,銅,6.41,6.41,6.281,6.33
2026-09-15 00:00,銅,6.3195,6.387,6.3195,6.3685
2026-09-16 00:00,銅,6.412,6.4385,6.35,6.4315
2026-09-17 00:00,銅,6.57,6.5905,6.545,6.5865
2026-09-18 00:00,銅,6.5905,6.639,6.583,6.615
2026-09-21 00:00,銅,6.722,6.841,6.7015,6.7705
2026-06-24 00:00,鉄鉱石,100.52,100.52,100.52,100.52
2026-06-25 00:00,鉄鉱石,100.37,100.37,100.37,100.37
2026-06-26 00:00,鉄鉱石,100.33,100.33,100.33,100.33
2026-06-29 00:00,鉄鉱石,100.26,100.26,100.26,100.26
2026-06-30 00:00,鉄鉱石,100.2,100.2,100.2,100.2
2026-07-01 00:00,鉄鉱石,98.36,98.36,98.36,98.36
2026-07-02 00:00,鉄鉱石,98.25,98.25,98.25,98.25
2026-07-06 00:00,鉄鉱石,98.3,98.3,98.3,98.3
2026-07-07 00:00,鉄鉱石,98.02,98.02,98.02,98.02
2026-07-08 00:00,鉄鉱石,98.86,98.86,98.86,98.86
2026-07-09 00:00,鉄鉱石,98.57,98.57,98.57,98.57
2026-07-10 00:00,鉄鉱石,98.72,98.72,98.72,98.72
2026-07-13 00:00,鉄鉱石,98.31,98.31,98.31,98.31
2026-07-14 00:00,鉄鉱石,98.92,98.92,98.92,98.92
2026-07-15 00:00,鉄鉱石,98.88,98.88,98.88,98.88
2026-07-16 00:00,鉄鉱石,98.81,98.81,98.81,98.81
2026-07-17 00:00,鉄鉱石,98.88,98.88,98.88,98.88
2026-07-20 00:00,鉄鉱石,98.7,98.7,98.7,98.7
2026-07-21 00:00,鉄鉱石,98.65,98.65,98.65,98.65
2026-07-22 00:00,鉄鉱石,98.38,98.38,98.38,98.38
2026-07-23 00:00,鉄鉱石,98.47,98.47,98.47,98.47
2026-07-24 00:00,鉄鉱石,98.42,98.42,98.42,98.42
2026-07-27 00:00,鉄鉱石,98.35,98.35,98.35,98.35
2026-07-28 00:00,鉄鉱石,98.3,98.3,98.3,98.3
2026-07-29 00:00,鉄鉱石,98.27,98.27,98.27,98.27
2026-07-30 00:00,鉄鉱石,98.25,98.25,98.25,98.25
2026-07-31 00:00,鉄鉱石,98.0,98.0,98.0,98.0
2026-08-03 00:00,鉄鉱石,93.66,93.66,93.66,93.66
2026-08-04 00:00,鉄鉱石,93.7,93.7,93.7,93.7
2026-08-05 00:00,鉄鉱石,93.91,93.91,93.91,93.91
2026-08-06 00:00,鉄鉱石,95.28,95.28,95.28,95.28
2026-08-07 00:00,鉄鉱石,94.45,94.45,94.45,94.45
2026-08-10 00:00,鉄鉱石,94.55,94.55,94.55,94.55
2026-08-11 00:00,鉄鉱石,95.08,95.08,95.08,95.08
2026-08-12 00:00,鉄鉱石,95.09,95.09,95.09,95.09
2026-08-13 00:00,鉄鉱石,95.05,95.05,95.05,95.05
2026-08-14 00:00,鉄鉱石,95.17,95.17,95.17,95.17
2026-08-17 00:00,鉄鉱石,94.95,94.95,94.95,94.95
2026-08-18 00:00,鉄鉱石,95.28,95.28,95.28,95.28
2026-08-19 00:00,鉄鉱石,95.17,95.17,95.17,95.17
2026-08-20 00:00,鉄鉱石,95.16,95.16,95.16,95.16
2026-08-21 00:00,鉄鉱石,95.21,95.21,95.21,95.21
2026-08-24 00:00,鉄鉱石,95.34,95.34,95.34,95.34
2026-08-25 00:00,鉄鉱石,95.4,95.4,95.4,95.4
2026-08-26 00:00,鉄鉱石,95.58,95.58,95.58,95.58
2026-08-27 00:00,鉄鉱石,95.68,95.68,95.68,95.68
2026-08-28 00:00,鉄鉱石,95.84,95.84,95.84,95.84
2026-08-31 00:00,鉄鉱石,96.05,96.05,96.05,96.05
2026-09-01 00:00,鉄鉱石,99.33,99.33,99.33,99.33
2026-09-02 00:00,鉄鉱石,97.72,97.72,97.72,97.72
2026-09-03 00:00,鉄鉱石,99.42,99.42,99.42,99.42
2026-09-04 00:00,鉄鉱石,99.57,99.57,99.57,99.57
2026-09-08 00:00,鉄鉱石,100.02,100.02,100.02,100.02
2026-09-09 00:00,鉄鉱石,99.37,99.37,99.37,99.37
2026-09-10 00:00,鉄鉱石,98.68,98.68,98.68,98.68
2026-09-11 00:00,鉄鉱石,98.02,98.02,98.02,98.02
2026-09-14 00:00,鉄鉱石,97.55,97.55,97.55,97.55
2026-09-15 00:00,鉄鉱石,97.41,97.41,97.41,97.41
2026-09-16 00:00,鉄鉱石,97.41,97.41,97.41,97.41
2026-09-17 00:00,鉄鉱石,97.42,97.42,97.42,97.42
2026-09-18 00:00,鉄鉱石,97.57,97.57,97.57,97.57
2026-06-24 00:00,ゴールド,4130.0,4132.3999,3975.7,4008.8
2026-06-25 00:00,ゴールド,4019.0,4060.0,3976.3,4047.6001
2026-06-26 00:00,ゴールド,4044.3999,4111.5,3998.1001,4096.2998
2026-06-29 00:00,ゴールド,4101.1001,4102.8999,4012.0,4038.8999
2026-06-30 00:00,ゴールド,4032.5,4078.1001,3955.3999,4038.5
2026-07-01 00:00,ゴールド,4025.0,4131.0,3973.0,4082.3999
2026-07-02 00:00,ゴールド,4049.2,4157.1001,4042.8,4125.7002
2026-07-06 00:00,ゴールド,4187.5,4215.5,4140.6001,4167.5
2026-07-07 00:00,ゴールド,4176.3999,4192.3999,4102.7002,4157.3999
2026-07-08 00:00,ゴールド,4106.5,4144.7002,4032.5,4082.3999
2026-07-09 00:00,ゴールド,4087.6001,4148.3999,4063.3999,4140.7998
2026-07-10 00:00,ゴールド,4135.3999,4144.6001,4081.7,4113.7002
2026-07-13 00:00,ゴールド,4106.6001,4111.6001,3992.8999,4005.7
2026-07-14 00:00,ゴールド,4005.8999,4112.5,3990.3999,4069.7
2026-07-15 00:00,ゴールド,4059.8,4089.1001,4023.3,4051.8
2026-07-16 00:00,ゴールド,4068.8999,4071.8999,3973.3999,3992.1001
2026-07-17 00:00,ゴールド,3980.1001,4028.8999,3963.0,4018.8
2026-07-20 00:00,ゴールド,4005.6001,4046.0,3986.5,4015.8999
2026-07-21 00:00,ゴールド,4013.3999,4092.5,4003.3,4076.3999
2026-07-22 00:00,ゴールド,4084.7,4171.3999,4081.0,4151.8999
2026-07-23 00:00,ゴールド,4126.0,4144.0,4042.5,4050.2
2026-07-24 00:00,ゴールド,4053.3999,4085.2,4024.0,4070.8
2026-07-27 00:00,ゴールド,4097.5,4119.2998,4067.1001,4077.0
2026-07-28 00:00,ゴールド,4083.0,4085.7,4011.1001,4038.7
2026-07-29 00:00,ゴールド,4020.8999,4115.2002,3993.8,4036.3
2026-07-30 00:00,ゴールド,4060.7,4118.5,4028.5,4100.1001
2026-07-31 00:00,ゴールド,4163.8999,4170.7002,4076.3999,4107.0
2026-08-03 00:00,ゴールド,4135.2002,4145.5,4074.0,4090.5
2026-08-04 00:00,ゴールド,4109.6001,4163.7998,4098.2002,4152.6001
2026-08-05 00:00,ゴールド,4133.7998,4328.2002,4121.6001,4305.2002
2026-08-06 00:00,ゴールド,4307.0,4363.7002,4281.2002,4299.6001
2026-08-07 00:00,ゴールド,4298.2998,4432.2998,4288.0,4399.7002
2026-08-10 00:00,ゴールド,4400.0,4453.7998,4373.8999,4419.7002
2026-08-11 00:00,ゴールド,4446.8999,4495.0,4415.7002,4441.1001
2026-08-12 00:00,ゴールド,4430.0,4502.7002,4421.3999,4467.5
2026-08-13 00:00,ゴールド,4468.7998,4509.1001,4400.0,4420.3999
2026-08-14 00:00,ゴールド,4408.2002,4454.6001,4365.5,4437.2998
2026-08-17 00:00,ゴールド,4440.0,4486.5,4422.2998,4473.7002
2026-08-18 00:00,ゴールド,4473.3999,4493.1001,4383.2998,4420.6001
2026-08-19 00:00,ゴールド,4391.3999,4582.7998,4378.0,4545.2998
2026-08-20 00:00,ゴールド,4580.0,4597.1001,4506.0,4571.3999
2026-08-21 00:00,ゴールド,4577.0,4690.3999,4565.5,4680.6001
2026-08-24 00:00,ゴールド,4673.3999,4738.5,4651.7998,4697.7998
2026-08-25 00:00,ゴールド,4710.1001,4755.0,4659.5,4694.5
2026-08-26 00:00,ゴールド,4715.7002,4730.8999,4638.2002,4653.2998
2026-08-27 00:00,ゴールド,4650.0,4697.7002,4616.0,4664.0
2026-08-28 00:00,ゴールド,4656.0,4688.0,4495.0,4529.8999
2026-08-31 00:00,ゴールド,4483.2002,4521.5,4445.6001,4481.5
2026-09-01 00:00,ゴールド,4498.7002,4510.5,4369.7002,4396.3999
2026-09-02 00:00,ゴールド,4377.2002,4444.3999,4329.2002,4414.6001
2026-09-03 00:00,ゴールド,4436.3999,4558.5,4426.7002,4539.8999
2026-09-04 00:00,ゴールド,4522.0,4537.7998,4412.0,4476.6001
2026-09-08 00:00,ゴールド,4466.5,4488.7998,4381.0,4439.0
2026-09-09 00:00,ゴールド,4399.0,4479.0,4384.1001,4460.7002
2026-09-10 00:00,ゴールド,4448.0,4479.8999,4354.7002,4407.2998
2026-09-11 00:00,ゴールド,4359.3999,4444.8999,4333.0,4408.8999
2026-09-14 00:00,ゴールド,4375.0,4396.7998,4293.0,4351.8999
2026-09-15 00:00,ゴールド,4340.2998,4358.2002,4301.6001,4332.7998
2026-09-16 00:00,ゴールド,4333.5,4413.1001,4273.2998,4387.5
2026-09-17 00:00,ゴールド,4301.3999,4423.2998,4294.5,4399.7002
2026-09-18 00:00,ゴールド,4381.6001,4439.7998,4372.2002,4424.8999
2026-09-21 00:00,ゴールド,4413.0,4422.1001,4360.2998,4387.2998
2026-06-24 00:00,日本国債ETF(利回りと逆),2018.0,2039.0,2018.0,2025.0
2026-06-25 00:00,日本国債ETF(利回りと逆),2019.0,2030.0,2019.0,2030.0
2026-06-26 00:00,日本国債ETF(利回りと逆),2020.0,2032.0,2020.0,2032.0
2026-06-29 00:00,日本国債ETF(利回りと逆),2033.0,2041.0,2025.0,2030.0
2026-06-30 00:00,日本国債ETF(利回りと逆),2025.0,2027.0,2015.0,2017.0
2026-07-01 00:00,日本国債ETF(利回りと逆),2010.0,2014.0,2007.0,2014.0
2026-07-02 00:00,日本国債ETF(利回りと逆),1999.0,2012.0,1999.0,2005.0
2026-07-03 00:00,日本国債ETF(利回りと逆),1998.0,2004.0,1994.0,2003.0
2026-07-06 00:00,日本国債ETF(利回りと逆),2001.0,2001.0,1996.0,2000.0
2026-07-07 00:00,日本国債ETF(利回りと逆),1995.0,1999.0,1992.0,1992.0
2026-07-08 00:00,日本国債ETF(利回りと逆),1994.0,1994.0,1987.0,1992.0
2026-07-09 00:00,日本国債ETF(利回りと逆),1981.0,1989.0,1978.0,1989.0
2026-07-10 00:00,日本国債ETF(利回りと逆),1987.0,1997.0,1980.0,1996.0
2026-07-13 00:00,日本国債ETF(利回りと逆),1996.0,1999.0,1993.0,1993.0
2026-07-14 00:00,日本国債ETF(利回りと逆),1997.0,2005.0,1994.0,2005.0
2026-07-15 00:00,日本国債ETF(利回りと逆),2006.0,2018.0,2006.0,2016.0
2026-07-16 00:00,日本国債ETF(利回りと逆),2003.0,2013.0,2003.0,2007.0
2026-07-17 00:00,日本国債ETF(利回りと逆),2011.0,2012.0,2004.0,2012.0
2026-07-21 00:00,日本国債ETF(利回りと逆),2010.0,2010.0,2003.0,2005.0
2026-07-22 00:00,日本国債ETF(利回りと逆),2000.0,2006.0,1998.0,2004.0
2026-07-23 00:00,日本国債ETF(利回りと逆),2003.0,2019.0,1999.0,2001.0
2026-07-24 00:00,日本国債ETF(利回りと逆),1997.0,1998.0,1993.0,1993.0
2026-07-27 00:00,日本国債ETF(利回りと逆),1999.0,2000.0,1995.0,1996.0
2026-07-28 00:00,日本国債ETF(利回りと逆),1992.0,2000.0,1992.0,1998.0
2026-07-29 00:00,日本国債ETF(利回りと逆),1993.0,2000.0,1993.0,1999.0
2026-07-30 00:00,日本国債ETF(利回りと逆),2000.0,2000.0,1993.0,1997.0
2026-07-31 00:00,日本国債ETF(利回りと逆),1989.0,1997.0,1989.0,1990.0
2026-08-03 00:00,日本国債ETF(利回りと逆),1991.0,1993.0,1986.0,1993.0
2026-08-04 00:00,日本国債ETF(利回りと逆),1987.0,1994.0,1987.0,1991.0
2026-08-05 00:00,日本国債ETF(利回りと逆),1991.0,1992.0,1989.0,1992.0
2026-08-06 00:00,日本国債ETF(利回りと逆),1993.0,2000.0,1990.0,2000.0
2026-08-07 00:00,日本国債ETF(利回りと逆),1997.0,2000.0,1997.0,1997.0
2026-08-10 00:00,日本国債ETF(利回りと逆),1999.0,2000.0,1992.0,2000.0
2026-08-12 00:00,日本国債ETF(利回りと逆),1991.0,2007.0,1988.0,1992.0
2026-08-13 00:00,日本国債ETF(利回りと逆),1993.0,1996.0,1986.0,1987.0
2026-08-14 00:00,日本国債ETF(利回りと逆),1988.0,1990.0,1987.0,1990.0
2026-08-17 00:00,日本国債ETF(利回りと逆),1983.0,1985.0,1977.0,1981.0
2026-08-18 00:00,日本国債ETF(利回りと逆),1977.0,1977.0,1974.0,1977.0
2026-08-19 00:00,日本国債ETF(利回りと逆),1977.0,1989.0,1975.0,1989.0
2026-08-20 00:00,日本国債ETF(利回りと逆),1989.0,1994.0,1985.0,1985.0
2026-08-21 00:00,日本国債ETF(利回りと逆),1980.0,1986.0,1980.0,1986.0
2026-08-24 00:00,日本国債ETF(利回りと逆),1989.0,1989.0,1978.0,1986.0
2026-08-25 00:00,日本国債ETF(利回りと逆),1979.0,1985.0,1979.0,1984.0
2026-08-26 00:00,日本国債ETF(利回りと逆),1984.0,1988.0,1984.0,1985.0
2026-08-27 00:00,日本国債ETF(利回りと逆),1980.0,1985.0,1979.0,1984.0
2026-08-28 00:00,日本国債ETF(利回りと逆),1985.0,1985.0,1976.0,1978.0
2026-08-31 00:00,日本国債ETF(利回りと逆),1979.0,1979.0,1968.0,1979.0
2026-09-01 00:00,日本国債ETF(利回りと逆),1976.0,1978.0,1965.0,1970.0
2026-09-02 00:00,日本国債ETF(利回りと逆),1967.0,1981.0,1962.0,1967.0
2026-09-03 00:00,日本国債ETF(利回りと逆),1970.0,1976.0,1969.0,1976.0
2026-09-04 00:00,日本国債ETF(利回りと逆),1978.0,2000.0,1978.0,1988.0
2026-09-07 00:00,日本国債ETF(利回りと逆),1988.0,1988.0,1982.0,1982.0
2026-09-08 00:00,日本国債ETF(利回りと逆),1982.0,1993.0,1982.0,1993.0
2026-09-09 00:00,日本国債ETF(利回りと逆),1991.0,1994.0,1985.0,1994.0
2026-09-10 00:00,日本国債ETF(利回りと逆),1994.0,1994.0,1983.0,1990.0
2026-09-11 00:00,日本国債ETF(利回りと逆),1984.0,1991.0,1975.0,1979.0
2026-09-14 00:00,日本国債ETF(利回りと逆),1980.0,1982.0,1973.0,1975.0
2026-09-15 00:00,日本国債ETF(利回りと逆),1968.0,2036.0,1968.0,1969.0
2026-09-16 00:00,日本国債ETF(利回りと逆),1970.0,1980.0,1965.0,1970.0
2026-09-17 00:00,日本国債ETF(利回りと逆),1975.0,1980.0,1967.0,1980.0
2026-09-18 00:00,日本国債ETF(利回りと逆),1979.0,1995.0,1973.0,1983.0
2026-06-24 00:00,日経平均,69615.0781,70218.7109,68461.1016,69174.9688
2026-06-25 00:00,日経平均,70114.0938,72594.2188,69982.6719,72366.3438
2026-06-26 00:00,日経平均,71587.7109,71786.2812,68639.8438,69360.8828
2026-06-29 00:00,日経平均,69609.8828,69609.8828,67997.5703,69468.1094
2026-06-30 00:00,日経平均,70085.6016,70667.0,69302.1875,70062.3203
2026-07-01 00:00,日経平均,70774.2812,71962.3438,70126.1406,70474.9609
2026-07-02 00:00,日経平均,70039.8906,70081.3906,68676.2578,68733.1484
2026-07-03 00:00,日経平均,68676.0625,69788.0312,67609.4922,69744.0703
2026-07-06 00:00,日経平均,69973.3438,70384.5938,68904.4062,69737.6875
2026-07-07 00:00,日経平均,69460.0781,69957.5078,68003.9219,68256.9609
2026-07-08 00:00,日経平均,67704.1562,68432.6797,66819.0469,66819.0469
2026-07-09 00:00,日経平均,67046.3672,68447.8906,67008.8906,67743.8516
2026-07-10 00:00,日経平均,68526.7188,69374.8594,68271.9062,68557.7266
2026-07-13 00:00,日経平均,68410.6328,69078.2109,66653.1094,67242.7266
2026-07-14 00:00,日経平均,67002.9375,67800.1797,66268.6016,67743.5
2026-07-15 00:00,日経平均,67989.7422,68798.2422,67833.1719,68751.5078
2026-07-16 00:00,日経平均,67900.4297,68069.8203,66499.4922,66835.5391
2026-07-17 00:00,日経平均,66339.8516,66441.7734,62704.6016,64141.1211
2026-07-21 00:00,日経平均,64544.0508,66232.1875,64203.4688,66232.1875
2026-07-22 00:00,日経平均,66449.2734,67592.2031,65955.6016,66115.6016
2026-07-23 00:00,日経平均,66421.0078,67022.3672,66208.6562,66422.6016
2026-07-24 00:00,日経平均,65584.25,65720.8125,64201.0312,64611.1484
2026-07-27 00:00,日経平均,65164.9805,65220.6914,64123.3984,64931.1914
2026-07-28 00:00,日経平均,64539.9219,64573.1797,61923.6016,62364.9219
2026-07-29 00:00,日経平均,62734.6797,63138.0391,60448.8984,61434.1914
2026-07-30 00:00,日経平均,61258.3398,62924.8398,61049.6992,61867.4297
2026-07-31 00:00,日経平均,61957.1016,65364.7305,61948.2305,64362.0195
2026-08-03 00:00,日経平均,63834.9492,63905.1211,62703.4688,63754.8984
2026-08-04 00:00,日経平均,63995.2812,64240.5,62864.4297,63957.5312
2026-08-05 00:00,日経平均,64565.2695,66302.5234,64555.5195,66300.4375
2026-08-06 00:00,日経平均,65896.0,65983.1328,64942.0703,65683.2578
2026-08-07 00:00,日経平均,65746.1328,65990.7188,64651.4883,65606.7109
2026-08-10 00:00,日経平均,65905.1016,67006.8438,65848.5781,66970.2188
2026-08-12 00:00,日経平均,66994.0469,67569.3594,66735.7578,67524.0625
2026-08-13 00:00,日経平均,68033.1719,68799.7109,68006.1719,68308.5938
2026-08-14 00:00,日経平均,68811.1719,69608.2422,68471.1484,68713.7969
2026-08-17 00:00,日経平均,68882.0625,69225.5703,68492.0391,69220.25
2026-08-18 00:00,日経平均,68847.3516,69093.2031,67368.9609,67460.7266
2026-08-19 00:00,日経平均,66812.2734,66833.5078,65133.9805,65326.4219
2026-08-20 00:00,日経平均,65732.7891,66325.3203,65652.25,66216.7891
2026-08-21 00:00,日経平均,65427.6914,66125.8828,65260.2188,66016.3594
2026-08-24 00:00,日経平均,65978.9531,66257.7266,65470.9492,65528.0898
2026-08-25 00:00,日経平均,65195.2617,65904.2422,64609.4688,65856.4297
2026-08-26 00:00,日経平均,65604.4922,66442.3438,65390.5508,66262.1562
2026-08-27 00:00,日経平均,66775.7812,66954.6875,65782.5938,66131.9766
2026-08-28 00:00,日経平均,66104.4922,66842.8203,66012.2031,66405.5625
2026-08-31 00:00,日経平均,65668.5078,66311.9297,64832.1016,66311.9297
2026-09-01 00:00,日経平均,65885.4688,66525.7031,65576.6094,66215.3438
2026-09-02 00:00,日経平均,65195.4297,65195.4297,64215.4688,64325.6406
2026-09-03 00:00,日経平均,64724.8086,64724.8086,63772.8008,64214.4805
2026-09-04 00:00,日経平均,64498.9414,65182.4492,64228.4688,65020.9414
2026-09-07 00:00,日経平均,65600.4219,66668.7109,65600.4219,66399.8438
2026-09-08 00:00,日経平均,65843.6875,66791.8438,65269.3281,65269.3281
2026-09-09 00:00,日経平均,65087.2188,65794.0312,65017.6797,65142.7812
2026-09-10 00:00,日経平均,64768.5312,65270.9492,64186.6797,65270.9492
2026-09-11 00:00,日経平均,64276.8203,64312.0195,63208.6289,64011.3398
2026-09-14 00:00,日経平均,63659.5312,63691.5312,62726.1797,63492.9883
2026-09-15 00:00,日経平均,63190.3711,64101.0,63067.1797,63484.1016
2026-09-16 00:00,日経平均,63672.1289,63923.0,63209.9219,63923.0
2026-09-17 00:00,日経平均,64643.5781,64643.5781,63824.5586,64136.25
2026-09-18 00:00,日経平均,64681.5508,65436.5703,64403.8516,65018.9492
2026-06-24 00:00,TOPIX(ETF代用),423.2,425.1,417.7,419.9
2026-06-25 00:00,TOPIX(ETF代用),427.4,427.9,422.8,425.9
2026-06-26 00:00,TOPIX(ETF代用),422.8,425.2,417.0,420.4
2026-06-29 00:00,TOPIX(ETF代用),423.2,424.4,418.5,421.7
2026-06-30 00:00,TOPIX(ETF代用),425.5,426.9,421.7,423.6
2026-07-01 00:00,TOPIX(ETF代用),427.5,430.0,424.3,425.8
2026-07-02 00:00,TOPIX(ETF代用),425.9,430.4,423.8,426.4
2026-07-03 00:00,TOPIX(ETF代用),427.6,431.7,424.9,431.7
2026-07-06 00:00,TOPIX(ETF代用),433.3,436.3,431.6,435.4
2026-07-07 00:00,TOPIX(ETF代用),436.2,439.4,430.7,431.8
2026-07-08 00:00,TOPIX(ETF代用),427.8,431.6,425.9,426.5
2026-07-09 00:00,TOPIX(ETF代用),419.0,420.5,417.2,419.1
2026-07-10 00:00,TOPIX(ETF代用),422.4,423.3,420.3,422.1
2026-07-13 00:00,TOPIX(ETF代用),422.0,424.6,415.6,417.8
2026-07-14 00:00,TOPIX(ETF代用),418.3,422.0,415.4,421.3
2026-07-15 00:00,TOPIX(ETF代用),424.0,425.8,420.5,425.6
2026-07-16 00:00,TOPIX(ETF代用),421.0,423.3,419.0,419.7
2026-07-17 00:00,TOPIX(ETF代用),415.9,416.8,401.9,407.9
2026-07-21 00:00,TOPIX(ETF代用),411.9,418.3,409.7,418.3
2026-07-22 00:00,TOPIX(ETF代用),421.6,424.1,419.5,420.3
2026-07-23 00:00,TOPIX(ETF代用),420.7,423.8,420.6,422.1
2026-07-24 00:00,TOPIX(ETF代用),417.9,418.4,416.1,417.5
2026-07-27 00:00,TOPIX(ETF代用),420.4,424.3,418.7,424.3
2026-07-28 00:00,TOPIX(ETF代用),418.7,419.4,411.2,412.9
2026-07-29 00:00,TOPIX(ETF代用),414.7,416.6,409.8,414.9
2026-07-30 00:00,TOPIX(ETF代用),410.7,415.0,408.3,412.7
2026-07-31 00:00,TOPIX(ETF代用),417.6,422.4,414.9,417.2
2026-08-03 00:00,TOPIX(ETF代用),412.9,413.3,404.1,411.8
2026-08-04 00:00,TOPIX(ETF代用),411.4,413.7,409.1,412.4
2026-08-05 00:00,TOPIX(ETF代用),417.2,422.0,417.0,421.3
2026-08-06 00:00,TOPIX(ETF代用),420.6,423.7,419.6,423.7
2026-08-07 00:00,TOPIX(ETF代用),424.0,425.2,421.5,425.1
2026-08-10 00:00,TOPIX(ETF代用),426.9,428.6,424.5,427.6
2026-08-12 00:00,TOPIX(ETF代用),429.6,431.9,427.4,431.9
2026-08-13 00:00,TOPIX(ETF代用),434.7,436.3,432.4,435.4
2026-08-14 00:00,TOPIX(ETF代用),437.7,439.9,436.1,437.8
2026-08-17 00:00,TOPIX(ETF代用),438.1,438.5,434.6,435.9
2026-08-18 00:00,TOPIX(ETF代用),435.0,436.9,430.7,431.0
2026-08-19 00:00,TOPIX(ETF代用),425.2,425.3,417.4,417.4
2026-08-20 00:00,TOPIX(ETF代用),420.6,423.2,420.0,422.8
2026-08-21 00:00,TOPIX(ETF代用),420.3,424.4,420.3,424.1
2026-08-24 00:00,TOPIX(ETF代用),424.8,425.5,423.5,424.7
2026-08-25 00:00,TOPIX(ETF代用),424.2,426.9,423.1,426.7
2026-08-26 00:00,TOPIX(ETF代用),426.6,429.7,426.3,428.2
2026-08-27 00:00,TOPIX(ETF代用),430.0,430.6,428.2,429.4
2026-08-28 00:00,TOPIX(ETF代用),430.0,434.0,428.9,432.0
2026-08-31 00:00,TOPIX(ETF代用),427.9,433.5,426.5,433.5
2026-09-01 00:00,TOPIX(ETF代用),430.8,437.5,430.4,435.7
2026-09-02 00:00,TOPIX(ETF代用),429.6,430.7,424.5,424.5
2026-09-03 00:00,TOPIX(ETF代用),428.3,430.7,426.3,427.2
2026-09-04 00:00,TOPIX(ETF代用),428.5,429.1,424.3,427.5
2026-09-07 00:00,TOPIX(ETF代用),429.8,431.7,428.5,430.1
2026-09-08 00:00,TOPIX(ETF代用),426.1,429.0,422.2,422.2
2026-09-09 00:00,TOPIX(ETF代用),420.7,424.9,420.1,421.4
2026-09-10 00:00,TOPIX(ETF代用),419.9,422.7,418.6,422.7
2026-09-11 00:00,TOPIX(ETF代用),412.6,420.3,412.6,419.7
2026-09-14 00:00,TOPIX(ETF代用),418.6,423.7,417.4,423.3
2026-09-15 00:00,TOPIX(ETF代用),423.1,423.3,419.6,421.3
2026-09-16 00:00,TOPIX(ETF代用),422.9,424.7,422.1,423.9
2026-09-17 00:00,TOPIX(ETF代用),426.7,428.9,425.3,427.4
2026-09-18 00:00,TOPIX(ETF代用),429.1,429.1,424.1,426.3
2026-06-24 00:00,S&P500,7370.8799,7428.0601,7336.8198,7358.2202
2026-06-25 00:00,S&P500,7404.9102,7419.0801,7323.5,7357.4902
2026-06-26 00:00,S&P500,7312.7402,7392.9502,7294.1802,7354.02
2026-06-29 00:00,S&P500,7391.8799,7444.3198,7348.8799,7440.4302
2026-06-30 00:00,S&P500,7441.27,7508.29,7438.04,7499.3599
2026-07-01 00:00,S&P500,7478.8398,7521.8101,7449.6299,7483.23
2026-07-02 00:00,S&P500,7495.1401,7540.75,7427.5498,7483.2402
2026-07-06 00:00,S&P500,7506.96,7551.3101,7500.9702,7537.4302
2026-07-07 00:00,S&P500,7516.6299,7536.0601,7478.6299,7503.8501
2026-07-08 00:00,S&P500,7476.54,7488.5098,7421.8198,7482.71
2026-07-09 00:00,S&P500,7491.6001,7546.8901,7481.73,7543.6401
2026-07-10 00:00,S&P500,7547.6401,7579.9302,7508.1602,7575.3901
2026-07-13 00:00,S&P500,7547.5298,7565.3701,7506.4102,7515.3398
2026-07-14 00:00,S&P500,7536.7002,7557.4399,7513.23,7543.5898
2026-07-15 00:00,S&P500,7571.7202,7581.5,7526.9502,7572.3999
2026-07-16 00:00,S&P500,7558.7998,7570.7402,7504.02,7533.77
2026-07-17 00:00,S&P500,7447.52,7498.4702,7431.2598,7457.6899
2026-07-20 00:00,S&P500,7489.1802,7513.23,7440.5298,7443.2798
2026-07-21 00:00,S&P500,7489.9502,7515.3101,7467.8599,7509.2002
2026-07-22 00:00,S&P500,7497.4702,7525.9399,7485.8501,7498.96
2026-07-23 00:00,S&P500,7418.29,7450.1201,7376.0,7408.2998
2026-07-24 00:00,S&P500,7406.2998,7460.98,7396.5298,7411.98
2026-07-27 00:00,S&P500,7464.2002,7480.5698,7382.7402,7413.1802
2026-07-28 00:00,S&P500,7395.5498,7452.0898,7382.9502,7428.7798
2026-07-29 00:00,S&P500,7418.1602,7450.8398,7313.9199,7316.1499
2026-07-30 00:00,S&P500,7390.4502,7448.75,7370.98,7437.6299
2026-07-31 00:00,S&P500,7462.1299,7512.04,7399.8301,7489.7202
2026-08-03 00:00,S&P500,7504.7798,7610.04,7504.7798,7600.5
2026-08-04 00:00,S&P500,7630.6201,7758.21,7629.1001,7736.52
2026-08-05 00:00,S&P500,7771.6201,7793.6802,7720.1699,7723.5498
2026-08-06 00:00,S&P500,7713.79,7742.8501,7698.1499,7709.96
2026-08-07 00:00,S&P500,7735.1802,7763.0801,7719.1899,7757.6401
2026-08-10 00:00,S&P500,7751.7402,7773.7598,7743.1099,7753.1099
2026-08-11 00:00,S&P500,7767.5098,7767.5098,7717.25,7728.2002
2026-08-12 00:00,S&P500,7765.46,7766.0098,7737.9502,7748.5
2026-08-13 00:00,S&P500,7763.1802,7816.7002,7763.1802,7798.9902
2026-08-14 00:00,S&P500,7806.6001,7810.0098,7776.3101,7785.7598
2026-08-17 00:00,S&P500,7790.6802,7790.6802,7744.8799,7745.0601
2026-08-18 00:00,S&P500,7700.04,7713.9502,7688.6299,7691.7598
2026-08-19 00:00,S&P500,7716.7402,7743.9302,7700.0698,7707.98
2026-08-20 00:00,S&P500,7690.4902,7699.96,7639.0098,7641.1602
2026-08-21 00:00,S&P500,7665.6802,7697.1099,7660.0601,7674.3701
2026-08-24 00:00,S&P500,7663.3799,7670.2998,7638.1699,7652.8599
2026-08-25 00:00,S&P500,7676.6602,7686.1099,7650.9199,7677.2798
2026-08-26 00:00,S&P500,7666.8799,7690.73,7657.4102,7675.7002
2026-08-27 00:00,S&P500,7710.3398,7741.27,7689.8901,7730.9902
2026-08-28 00:00,S&P500,7735.1699,7771.48,7700.9102,7711.7598
2026-08-31 00:00,S&P500,7697.52,7697.52,7665.0601,7686.1401
2026-09-01 00:00,S&P500,7635.4702,7663.6299,7611.2002,7631.4702
2026-09-02 00:00,S&P500,7634.5801,7681.1899,7633.6201,7666.6001
2026-09-03 00:00,S&P500,7686.71,7756.7598,7686.71,7747.71
2026-09-04 00:00,S&P500,7750.1899,7750.1899,7706.1201,7718.6001
2026-09-08 00:00,S&P500,7717.8101,7717.8101,7666.9902,7673.52
2026-09-09 00:00,S&P500,7660.6802,7660.6802,7624.1602,7636.3599
2026-09-10 00:00,S&P500,7594.7402,7612.8599,7580.0601,7591.7002
2026-09-11 00:00,S&P500,7636.75,7677.02,7636.75,7656.98
2026-09-14 00:00,S&P500,7611.4399,7647.9902,7592.2798,7619.98
2026-09-15 00:00,S&P500,7612.2998,7617.2598,7572.6899,7585.73
2026-09-16 00:00,S&P500,7601.25,7626.79,7507.77,7551.8101
2026-09-17 00:00,S&P500,7631.4399,7646.8599,7611.8101,7637.7598
2026-09-18 00:00,S&P500,7657.1699,7657.1699,7610.52,7650.5
2026-09-21 00:00,S&P500,7692.8301,7743.0498,7691.1899,7737.9302
2026-06-24 00:00,NASDAQ,25578.6191,25840.5605,25354.6602,25476.6406
2026-06-25 00:00,NASDAQ,25724.7793,25724.7793,25123.4297,25358.5996
2026-06-26 00:00,NASDAQ,25105.4102,25491.3809,25014.9609,25297.6191
2026-06-29 00:00,NASDAQ,25502.0898,25834.3496,25289.7598,25820.1406
2026-06-30 00:00,NASDAQ,25824.4707,26253.0391,25808.0605,26213.7207
2026-07-01 00:00,NASDAQ,26039.5098,26238.0605,25954.4609,26040.0293
2026-07-02 00:00,NASDAQ,26047.3809,26261.0898,25630.5098,25832.6699
2026-07-06 00:00,NASDAQ,25999.6094,26209.7598,25963.4395,26121.1602
2026-07-07 00:00,NASDAQ,25960.1309,26010.0195,25684.1504,25818.6895
2026-07-08 00:00,NASDAQ,25704.6602,25896.0703,25526.4609,25870.6504
2026-07-09 00:00,NASDAQ,25918.3105,26215.8203,25825.8496,26206.8906
2026-07-10 00:00,NASDAQ,26175.5391,26301.5391,26009.4902,26281.6094
2026-07-13 00:00,NASDAQ,26088.3105,26139.3691,25822.0996,25873.1797
2026-07-14 00:00,NASDAQ,26015.4902,26168.8008,25912.4004,26107.0098
2026-07-15 00:00,NASDAQ,26261.1797,26316.8105,26041.1309,26269.2305
2026-07-16 00:00,NASDAQ,26155.4004,26165.3691,25765.4492,25881.9492
2026-07-17 00:00,NASDAQ,25412.2598,25703.0098,25250.6309,25520.2402
2026-07-20 00:00,NASDAQ,25720.8691,25815.5996,25501.0996,25508.0703
2026-07-21 00:00,NASDAQ,25772.5508,25880.3398,25672.8301,25837.2109
2026-07-22 00:00,NASDAQ,25693.7207,25841.3105,25681.3203,25690.9004
2026-07-23 00:00,NASDAQ,25245.5391,25358.2793,24954.7695,25137.6895
2026-07-24 00:00,NASDAQ,25107.3809,25222.1406,24918.0898,24975.8203
2026-07-27 00:00,NASDAQ,25236.1895,25261.9102,24774.8691,24932.0801
2026-07-28 00:00,NASDAQ,24825.0703,24984.5,24581.0098,24876.9102
2026-07-29 00:00,NASDAQ,24863.4805,25054.5293,24425.3398,24442.9395
2026-07-30 00:00,NASDAQ,24852.0508,25171.4395,24813.8398,25122.1797
2026-07-31 00:00,NASDAQ,25340.7109,25460.8594,25004.3301,25373.8496
2026-08-03 00:00,NASDAQ,25452.6602,25967.4395,25420.3496,25913.9004
2026-08-04 00:00,NASDAQ,26088.0391,26679.9102,26088.0391,26584.9902
2026-08-05 00:00,NASDAQ,26698.0195,26739.0,26348.5098,26363.4395
2026-08-06 00:00,NASDAQ,26268.8398,26499.4199,26208.4297,26348.3496
2026-08-07 00:00,NASDAQ,26534.6602,26712.6191,26478.0098,26690.6191
2026-08-10 00:00,NASDAQ,26680.4395,26724.6309,26548.2598,26605.3594
2026-08-11 00:00,NASDAQ,26672.1797,26679.2598,26372.3105,26445.4492
2026-08-12 00:00,NASDAQ,26680.4707,26688.2402,26531.9297,26588.4902
2026-08-13 00:00,NASDAQ,26631.3398,26875.5195,26612.8496,26803.0293
2026-08-14 00:00,NASDAQ,26851.1504,26862.1699,26661.9492,26729.1602
2026-08-17 00:00,NASDAQ,26784.6504,26798.4004,26626.3809,26644.9102
2026-08-18 00:00,NASDAQ,26346.8809,26422.5,26266.6797,26289.7109
2026-08-19 00:00,NASDAQ,26393.8906,26456.7793,26185.1309,26331.0898
2026-08-20 00:00,NASDAQ,26211.5195,26263.4707,26023.1191,26067.1699
2026-08-21 00:00,NASDAQ,26198.8398,26269.8496,26049.2891,26180.4609
2026-08-24 00:00,NASDAQ,26065.3203,26109.9609,25910.8203,25980.1895
2026-08-25 00:00,NASDAQ,26148.7109,26225.8301,26034.3496,26151.3008
2026-08-26 00:00,NASDAQ,26099.5801,26189.8105,26021.6309,26130.1992
2026-08-27 00:00,NASDAQ,26356.9805,26553.9004,26273.8691,26541.3496
2026-08-28 00:00,NASDAQ,26515.9902,26700.6797,26359.2695,26402.4199
2026-08-31 00:00,NASDAQ,26358.5605,26398.3301,26249.7695,26370.8906
2026-09-01 00:00,NASDAQ,26031.6699,26260.6797,25995.5293,26099.7695
2026-09-02 00:00,NASDAQ,26094.0,26245.0391,26062.6797,26217.8301
2026-09-03 00:00,NASDAQ,26336.3203,26644.5703,26325.0605,26584.0605
2026-09-04 00:00,NASDAQ,26587.9004,26628.5801,26444.8398,26506.9902
2026-09-08 00:00,NASDAQ,26528.5703,26542.1406,26341.1699,26421.4102
2026-09-09 00:00,NASDAQ,26325.0605,26366.5605,26184.2109,26253.3398
2026-09-10 00:00,NASDAQ,26021.0508,26178.25,25979.5391,26081.7207
2026-09-11 00:00,NASDAQ,26289.4102,26431.2207,26283.1094,26333.0391
2026-09-14 00:00,NASDAQ,26018.5,26329.9805,25992.5508,26186.4102
2026-09-15 00:00,NASDAQ,26140.2305,26172.1191,25943.3105,25981.5703
2026-09-16 00:00,NASDAQ,26108.4609,26225.0898,25802.9609,25978.4297
2026-09-17 00:00,NASDAQ,26377.8594,26460.6406,26289.9395,26418.3008
2026-09-18 00:00,NASDAQ,26522.0898,26544.9297,26333.9805,26522.5391
2026-09-21 00:00,NASDAQ,26723.1934,27002.9883,26707.418,26990.4043
2026-06-24 00:00,NYダウ,51660.75,52248.6914,51617.7305,51848.8984
2026-06-25 00:00,NYダウ,52009.0195,52655.6602,51857.7812,51920.6211
2026-06-26 00:00,NYダウ,51803.7695,52130.0703,51614.7383,51876.1094
2026-06-29 00:00,NYダウ,51995.1406,52311.6289,51949.5391,52182.7383
2026-06-30 00:00,NYダウ,52168.1797,52387.4492,52033.1289,52319.1992
2026-07-01 00:00,NYダウ,52231.1797,52742.6602,52026.6406,52305.2383
2026-07-02 00:00,NYダウ,52395.2188,52903.8516,52395.2188,52900.0703
2026-07-06 00:00,NYダウ,52828.4492,53060.1016,52648.6914,53055.9102
2026-07-07 00:00,NYダウ,53104.0586,53289.3008,52774.1719,52925.1484
2026-07-08 00:00,NYダウ,52758.4688,52758.4688,52069.8711,52348.3906
2026-07-09 00:00,NYダウ,52249.4414,52574.8906,52249.4414,52487.4102
2026-07-10 00:00,NYダウ,52622.9219,52709.75,52266.8086,52637.0117
2026-07-13 00:00,NYダウ,52676.5312,52846.5117,52351.1211,52498.6406
2026-07-14 00:00,NYダウ,52046.3594,52695.0586,52046.3594,52508.2695
2026-07-15 00:00,NYダウ,52604.1992,52823.9492,52428.5391,52658.6406
2026-07-16 00:00,NYダウ,52924.8594,52924.8594,52367.4219,52552.9688
2026-07-17 00:00,NYダウ,52426.4609,52610.9688,51986.7383,52146.4219
2026-07-20 00:00,NYダウ,52154.5703,52411.8984,51781.8984,51839.2617
2026-07-21 00:00,NYダウ,51916.7891,52370.6484,51890.1016,52224.6406
2026-07-22 00:00,NYダウ,52287.1406,52511.2109,52148.8711,52218.5781
2026-07-23 00:00,NYダウ,51755.5391,51885.1406,51542.0586,51711.6484
2026-07-24 00:00,NYダウ,51791.3711,52118.1914,51682.3594,51947.25
2026-07-27 00:00,NYダウ,52173.4219,52607.7812,51985.3789,52210.0781
2026-07-28 00:00,NYダウ,52492.8789,52901.8711,52443.5195,52747.3203
2026-07-29 00:00,NYダウ,52674.2109,52674.2109,51551.1797,51594.1406
2026-07-30 00:00,NYダウ,52114.2695,52266.4492,51655.5195,52208.0586
2026-07-31 00:00,NYダウ,52235.0312,52623.1406,51996.3203,52485.0312
2026-08-03 00:00,NYダウ,52759.0586,53230.0781,52759.0586,53178.4102
2026-08-04 00:00,NYダウ,53641.2109,54272.6016,53641.2109,54085.8789
2026-08-05 00:00,NYダウ,54266.1211,54744.3281,54266.1211,54349.1211
2026-08-06 00:00,NYダウ,54426.8516,54502.8711,53835.0195,53885.1016
2026-08-07 00:00,NYダウ,53849.2617,54094.6484,53807.9414,54036.9297
2026-08-10 00:00,NYダウ,54072.6602,54072.6602,53850.1914,53975.9805
2026-08-11 00:00,NYダウ,53961.6016,54222.8516,53746.4297,53791.8516
2026-08-12 00:00,NYダウ,53797.4688,53969.3594,53731.9609,53770.2695
2026-08-13 00:00,NYダウ,53828.5508,54049.1406,53622.4609,53839.9883
2026-08-14 00:00,NYダウ,53842.8008,53890.8398,53673.4688,53732.4102
2026-08-17 00:00,NYダウ,53663.1094,53663.1094,53395.2305,53459.7812
2026-08-18 00:00,NYダウ,53354.4297,53478.7617,53256.3398,53343.3984
2026-08-19 00:00,NYダウ,53463.4688,53710.0586,53399.5312,53463.0508
2026-08-20 00:00,NYダウ,53381.2188,53381.2188,52754.8984,52759.2109
2026-08-21 00:00,NYダウ,52768.8711,53355.9219,52768.8711,53277.0117
2026-08-24 00:00,NYダウ,53261.9492,53508.1797,53261.9492,53417.1602
2026-08-25 00:00,NYダウ,53594.9219,53675.3203,53386.3711,53577.3984
2026-08-26 00:00,NYダウ,53547.6797,53639.75,53379.3984,53463.8789
2026-08-27 00:00,NYダウ,53613.6602,53707.6211,53345.6211,53569.4414
2026-08-28 00:00,NYダウ,53611.9414,53819.6484,53489.4102,53559.9883
2026-08-31 00:00,NYダウ,53462.6016,53462.6016,53123.6211,53185.8984
2026-09-01 00:00,NYダウ,53083.5781,53176.6016,52691.3086,52766.8789
2026-09-02 00:00,NYダウ,52829.5781,53227.5,52829.5781,53061.9492
2026-09-03 00:00,NYダウ,53309.1719,53746.5,53286.1484,53686.1094
2026-09-04 00:00,NYダウ,53584.8906,53635.3516,53289.8789,53414.25
2026-09-08 00:00,NYダウ,53110.4492,53110.4492,52721.6211,52786.0703
2026-09-09 00:00,NYダウ,52707.8984,52707.8984,52314.6094,52380.6602
2026-09-10 00:00,NYダウ,52291.8516,52291.8516,51962.7109,52064.1016
2026-09-11 00:00,NYダウ,52204.4609,52720.2383,52204.4609,52573.2891
2026-09-14 00:00,NYダウ,52750.8789,52750.8789,52278.8906,52421.1992
2026-09-15 00:00,NYダウ,52303.2383,52336.6094,51875.6484,52093.1094
2026-09-16 00:00,NYダウ,52115.3984,52173.6992,51186.6719,51461.8984
2026-09-17 00:00,NYダウ,51882.5312,51935.9688,51607.6484,51778.0391
2026-09-18 00:00,NYダウ,51826.7812,51826.7812,51497.4688,51682.6406
2026-09-21 00:00,NYダウ,51936.7617,52030.8594,51747.6797,51925.0508
2026-06-24 00:00,VIX(恐怖指数),19.13,20.34,18.04,18.63
2026-06-25 00:00,VIX(恐怖指数),18.11,19.95,17.72,18.89
2026-06-26 00:00,VIX(恐怖指数),19.7,20.72,18.2,18.41
2026-06-29 00:00,VIX(恐怖指数),18.6,19.45,17.49,17.65
2026-06-30 00:00,VIX(恐怖指数),17.54,17.75,16.27,16.45
2026-07-01 00:00,VIX(恐怖指数),17.11,17.3,15.97,16.59
2026-07-02 00:00,VIX(恐怖指数),17.05,17.21,15.79,16.15
2026-07-06 00:00,VIX(恐怖指数),16.4,16.5,15.56,15.57
2026-07-07 00:00,VIX(恐怖指数),15.87,16.64,15.53,16.13
2026-07-08 00:00,VIX(恐怖指数),16.55,18.91,16.35,16.9
2026-07-09 00:00,VIX(恐怖指数),16.58,17.27,15.76,15.84
2026-07-10 00:00,VIX(恐怖指数),16.06,16.16,14.96,15.03
2026-07-13 00:00,VIX(恐怖指数),16.32,17.41,16.03,17.16
2026-07-14 00:00,VIX(恐怖指数),17.21,17.56,16.15,16.5
2026-07-15 00:00,VIX(恐怖指数),16.2,16.57,15.64,15.67
2026-07-16 00:00,VIX(恐怖指数),15.82,17.23,15.77,16.73
2026-07-17 00:00,VIX(恐怖指数),18.01,19.5,17.68,18.77
2026-07-20 00:00,VIX(恐怖指数),18.9,18.94,17.41,18.65
2026-07-21 00:00,VIX(恐怖指数),17.48,17.99,16.86,17.05
2026-07-22 00:00,VIX(恐怖指数),17.42,19.49,16.64,16.64
2026-07-23 00:00,VIX(恐怖指数),17.67,20.31,17.32,18.7
2026-07-24 00:00,VIX(恐怖指数),18.96,19.05,17.41,18.58
2026-07-27 00:00,VIX(恐怖指数),17.62,19.93,17.53,18.67
2026-07-28 00:00,VIX(恐怖指数),19.05,19.52,17.88,18.21
2026-07-29 00:00,VIX(恐怖指数),18.27,20.88,17.45,20.66
2026-07-30 00:00,VIX(恐怖指数),19.56,20.08,17.0,17.09
2026-07-31 00:00,VIX(恐怖指数),16.82,18.7,15.82,15.99
2026-08-03 00:00,VIX(恐怖指数),16.03,16.3,15.54,15.86
2026-08-04 00:00,VIX(恐怖指数),15.76,16.65,15.51,16.5
2026-08-05 00:00,VIX(恐怖指数),16.15,18.43,15.48,15.81
2026-08-06 00:00,VIX(恐怖指数),15.83,16.03,15.11,15.15
2026-08-07 00:00,VIX(恐怖指数),15.3,15.36,14.77,14.9
2026-08-10 00:00,VIX(恐怖指数),15.4,15.72,15.1,15.46
2026-08-11 00:00,VIX(恐怖指数),15.42,15.61,15.23,15.28
2026-08-12 00:00,VIX(恐怖指数),15.28,15.42,14.39,14.55
2026-08-13 00:00,VIX(恐怖指数),14.68,14.8,14.39,14.63
2026-08-14 00:00,VIX(恐怖指数),14.64,14.72,14.18,14.25
2026-08-17 00:00,VIX(恐怖指数),14.98,15.47,14.89,15.19
2026-08-18 00:00,VIX(恐怖指数),15.81,16.09,15.6,15.84
2026-08-19 00:00,VIX(恐怖指数),15.92,15.95,14.77,14.89
2026-08-20 00:00,VIX(恐怖指数),14.91,16.14,14.91,16.01
2026-08-21 00:00,VIX(恐怖指数),15.82,15.88,15.08,15.13
2026-08-24 00:00,VIX(恐怖指数),15.9,16.06,15.61,15.85
2026-08-25 00:00,VIX(恐怖指数),15.71,16.3,15.13,15.45
2026-08-26 00:00,VIX(恐怖指数),15.65,15.74,15.21,15.21
2026-08-27 00:00,VIX(恐怖指数),14.92,15.13,14.42,14.51
2026-08-28 00:00,VIX(恐怖指数),14.57,14.84,14.13,14.43
2026-08-31 00:00,VIX(恐怖指数),15.24,15.48,14.86,14.92
2026-09-01 00:00,VIX(恐怖指数),14.95,16.8,14.95,16.34
2026-09-02 00:00,VIX(恐怖指数),16.39,16.82,15.12,15.2
2026-09-03 00:00,VIX(恐怖指数),15.25,15.44,14.23,14.32
2026-09-04 00:00,VIX(恐怖指数),14.15,14.58,13.8,14.53
2026-09-07 00:00,VIX(恐怖指数),15.02,15.32,14.99,15.3
2026-09-08 00:00,VIX(恐怖指数),15.56,15.94,15.22,15.72
2026-09-09 00:00,VIX(恐怖指数),15.65,16.68,15.57,16.46
2026-09-10 00:00,VIX(恐怖指数),16.31,18.17,16.29,17.84
2026-09-11 00:00,VIX(恐怖指数),17.51,17.71,15.59,15.84
2026-09-14 00:00,VIX(恐怖指数),17.5,18.17,16.58,17.1
2026-09-15 00:00,VIX(恐怖指数),17.57,18.03,16.79,17.2
2026-09-16 00:00,VIX(恐怖指数),16.91,18.94,16.4,17.71
2026-09-17 00:00,VIX(恐怖指数),16.03,16.29,15.38,15.44
2026-09-18 00:00,VIX(恐怖指数),15.07,15.63,14.8,14.81
2026-09-21 00:00,VIX(恐怖指数),14.96,14.99,14.6,14.85
